[
  {
    "id": 119069,
    "name": "Adam Road Food Centre",
    "lat": 1.3241598522323794,
    "lon": 103.81416592401631,
    "postal_code": "289876",
    "street": "Adam Road",
    "status": "Existing",
    "slug": "adam-road-food-centre"
  },
  {
    "id": 119151,
    "name": "Aljunied Ave 2 Blk 117 (Blk 117 Aljunied Market and Food Centre)",
    "lat": 1.3206463677515854,
    "lon": 103.88702413972793,
    "postal_code": "380117",
    "street": "Aljunied Ave 2",
    "status": "Existing",
    "slug": "aljunied-ave-2-blk-117-blk-117-aljunied-market-and-food-centre"
  },
  {
    "id": 119091,
    "name": "Amoy Street Food Centre (Telok Ayer Food Centre)",
    "lat": 1.2792312094873002,
    "lon": 103.84661927383159,
    "postal_code": "069111",
    "street": "MAXWELL ROAD",
    "status": "Existing",
    "slug": "amoy-street-food-centre-telok-ayer-food-centre"
  },
  {
    "id": 119165,
    "name": "Anchorvale Village Hawker Centre",
    "lat": 1.3967931535173355,
    "lon": 103.88843734465244,
    "postal_code": "540339",
    "street": "Anchorvale Road",
    "status": "Existing (new)",
    "slug": "anchorvale-village-hawker-centre"
  },
  {
    "id": 119059,
    "name": "Ang Mo Kio Ave 1 Blk 226D (Kebun Baru Market and Food Centre)",
    "lat": 1.366800962194856,
    "lon": 103.83915227449918,
    "postal_code": "564226",
    "street": "Ang Mo Kio Ave 1",
    "status": "Existing",
    "slug": "ang-mo-kio-ave-1-blk-226d-kebun-baru-market-and-food-centre"
  },
  {
    "id": 119141,
    "name": "Ang Mo Kio Ave 1 Blk 341 (Teck Ghee Court)",
    "lat": 1.36410720947631,
    "lon": 103.84824216615792,
    "postal_code": "560341",
    "street": "Ang Mo Kio Ave 1",
    "status": "Existing",
    "slug": "ang-mo-kio-ave-1-blk-341-teck-ghee-court"
  },
  {
    "id": 119042,
    "name": "Ang Mo Kio Ave 10 Blk 409 (Teck Ghee Square)",
    "lat": 1.3626541076693122,
    "lon": 103.85528829790343,
    "postal_code": "560409",
    "street": "Ang Mo Kio Ave 10",
    "status": "Existing",
    "slug": "ang-mo-kio-ave-10-blk-409-teck-ghee-square"
  },
  {
    "id": 119157,
    "name": "Ang Mo Kio Ave 10 Blk 453A (Chong Boon Market and Food Centre)",
    "lat": 1.3682477885076516,
    "lon": 103.85636164972811,
    "postal_code": "561453",
    "street": "Ang Mo Kio Ave 10",
    "status": "Existing",
    "slug": "ang-mo-kio-ave-10-blk-453a-chong-boon-market-and-food-centre"
  },
  {
    "id": 119116,
    "name": "Ang Mo Kio Ave 10 Blk 527 (Cheng San Market and Cooked Food Centre)",
    "lat": 1.3727720934379934,
    "lon": 103.85445795532793,
    "postal_code": "560527",
    "street": "Ang Mo Kio Ave 10",
    "status": "Existing",
    "slug": "ang-mo-kio-ave-10-blk-527-cheng-san-market-and-cooked-food-centre"
  },
  {
    "id": 119052,
    "name": "Ang Mo Kio Ave 4 Blk 160/162 (Mayflower Market)",
    "lat": 1.3745277374668692,
    "lon": 103.83917606128082,
    "postal_code": "560160",
    "street": "Ang Mo Kio Ave 4",
    "status": "Existing",
    "slug": "ang-mo-kio-ave-4-blk-160162-mayflower-market"
  },
  {
    "id": 119068,
    "name": "Ang Mo Kio Ave 4 Blk 628 (Ang Mo Kio 628 Market)",
    "lat": 1.3809876170167132,
    "lon": 103.8406280871954,
    "postal_code": "560628",
    "street": "Ang Mo Kio Ave 4",
    "status": "Existing",
    "slug": "ang-mo-kio-ave-4-blk-628-ang-mo-kio-628-market"
  },
  {
    "id": 119084,
    "name": "Ang Mo Kio Ave 6 Blk 724 (Blk 724 Ang Mo Kio Market)",
    "lat": 1.3721725853422009,
    "lon": 103.84651030979788,
    "postal_code": "560724",
    "street": "Ang Mo Kio Ave 6",
    "status": "Existing",
    "slug": "ang-mo-kio-ave-6-blk-724-blk-724-ang-mo-kio-market"
  },
  {
    "id": 119049,
    "name": "Ang Mo Kio Street 22 Blk 226H (Kebun Baru Food Centre)",
    "lat": 1.3671965379048148,
    "lon": 103.8400222235967,
    "postal_code": "568226",
    "street": "Ang Mo Kio Street 22",
    "status": "Existing",
    "slug": "ang-mo-kio-street-22-blk-226h-kebun-baru-food-centre"
  },
  {
    "id": 119090,
    "name": "Bedok Food Centre",
    "lat": 1.320350159875293,
    "lon": 103.95547759902762,
    "postal_code": "469572",
    "street": "Bedok Road",
    "status": "Existing",
    "slug": "bedok-food-centre"
  },
  {
    "id": 119063,
    "name": "Bedok North Street 1 Blk 216",
    "lat": 1.3270627418405785,
    "lon": 103.93321797031916,
    "postal_code": "460216",
    "street": "Bedok North Street 1",
    "status": "Existing",
    "slug": "bedok-north-street-1-blk-216"
  },
  {
    "id": 119082,
    "name": "Bedok North Street 3 Blk 511 (Kaki Bukit 511 Market and Food Centre)",
    "lat": 1.3332199326945382,
    "lon": 103.93058152248236,
    "postal_code": "460511",
    "street": "Bedok North Street 3",
    "status": "Existing",
    "slug": "bedok-north-street-3-blk-511-kaki-bukit-511-market-and-food-centre"
  },
  {
    "id": 119066,
    "name": "Bedok North Street 3 Blk 538",
    "lat": 1.3320672771423439,
    "lon": 103.92462131526736,
    "postal_code": "460538",
    "street": "Bedok North Street 3",
    "status": "Existing",
    "slug": "bedok-north-street-3-blk-538"
  },
  {
    "id": 119119,
    "name": "Bedok North Street 4 Blk 85 (85 Fengshan Centre)",
    "lat": 1.3320048242420148,
    "lon": 103.93876843904202,
    "postal_code": "460085",
    "street": "Bedok North Street 4",
    "status": "Existing",
    "slug": "bedok-north-street-4-blk-85-85-fengshan-centre"
  },
  {
    "id": 119160,
    "name": "Bedok Reservoir Road Blk 630",
    "lat": 1.332772792382345,
    "lon": 103.91419083989796,
    "postal_code": "470630",
    "street": "Bedok Reservoir Road",
    "status": "Existing",
    "slug": "bedok-reservoir-road-blk-630"
  },
  {
    "id": 119113,
    "name": "Bedok South Road Blk 16",
    "lat": 1.3205008376701182,
    "lon": 103.93547363751794,
    "postal_code": "460016",
    "street": "Bedok South Road",
    "status": "Existing",
    "slug": "bedok-south-road-blk-16"
  },
  {
    "id": 119115,
    "name": "Bendemeer Road Blk 29 (Bendemeer Market and Food Centre)",
    "lat": 1.31921667863285,
    "lon": 103.86302092286022,
    "postal_code": "330029",
    "street": "Bendemeer Road",
    "status": "Existing",
    "slug": "bendemeer-road-blk-29-bendemeer-market-and-food-centre"
  },
  {
    "id": 119055,
    "name": "Beo Crescent Market",
    "lat": 1.2888308915646167,
    "lon": 103.8273538919747,
    "postal_code": "169982",
    "street": "Beo Crescent",
    "status": "Existing",
    "slug": "beo-crescent-market"
  },
  {
    "id": 119118,
    "name": "Berseh Food Centre",
    "lat": 1.307344109232522,
    "lon": 103.85688878360739,
    "postal_code": "208877",
    "street": "Jalan Besar",
    "status": "Existing",
    "slug": "berseh-food-centre"
  },
  {
    "id": 119148,
    "name": "Boon Lay Place Blk 221A/B (Boon Lay Place Market and Food Village)",
    "lat": 1.3452240653958958,
    "lon": 103.71280068056076,
    "postal_code": "641221",
    "street": "Boon Lay Place",
    "status": "Existing",
    "slug": "boon-lay-place-blk-221ab-boon-lay-place-market-and-food-village"
  },
  {
    "id": 119061,
    "name": "Buangkok Hawker Centre",
    "lat": 1.3829816322433666,
    "lon": 103.89272100789816,
    "postal_code": "544692",
    "street": "Compassvale Bow",
    "status": "Existing (new)",
    "slug": "buangkok-hawker-centre"
  },
  {
    "id": 119087,
    "name": "Buffalo Road Blk 665 (Tekka Centre/Zhu Jiao Market)",
    "lat": 1.3061866381546818,
    "lon": 103.8505855697116,
    "postal_code": "210665",
    "street": "Buffalo Road",
    "status": "Existing",
    "slug": "buffalo-road-blk-665-tekka-centrezhu-jiao-market"
  },
  {
    "id": 119138,
    "name": "Bukit Batok West Hawker Centre",
    "lat": 1.3554458319148786,
    "lon": 103.74207854445496,
    "postal_code": "651469",
    "street": "Bukit Batok West Avenue 9",
    "status": "Existing (new)",
    "slug": "bukit-batok-west-hawker-centre"
  },
  {
    "id": 119107,
    "name": "Bukit Canberra Hawker Centre",
    "lat": 1.4482633636853246,
    "lon": 103.8227636322519,
    "postal_code": "756973",
    "street": "Canberra Link",
    "status": "Existing (new)",
    "slug": "bukit-canberra-hawker-centre"
  },
  {
    "id": 119147,
    "name": "Bukit Merah Central Blk 163 (Bukit Merah Central Food Centre)",
    "lat": 1.2836613955382454,
    "lon": 103.81707271810343,
    "postal_code": "150163",
    "street": "Bukit Merah Central",
    "status": "Existing",
    "slug": "bukit-merah-central-blk-163-bukit-merah-central-food-centre"
  },
  {
    "id": 119086,
    "name": "Bukit Merah Lane 1 Blk 120 (Alexandra Village Food Centre)",
    "lat": 1.2863059431906378,
    "lon": 103.8044926373283,
    "postal_code": "150120",
    "street": "Bukit Merah Lane 1",
    "status": "Existing",
    "slug": "bukit-merah-lane-1-blk-120-alexandra-village-food-centre"
  },
  {
    "id": 119140,
    "name": "Bukit Merah View Blk 115 (Blk 115 Bukit Merah View Market and Food Centre)",
    "lat": 1.2855044556549065,
    "lon": 103.82182325630666,
    "postal_code": "151115",
    "street": "Bukit Merah View",
    "status": "Existing",
    "slug": "bukit-merah-view-blk-115-blk-115-bukit-merah-view-market-and-food-centre"
  },
  {
    "id": 119054,
    "name": "Bukit Panjang Hawker Centre",
    "lat": 1.3775974234205033,
    "lon": 103.7724915268977,
    "postal_code": "679947",
    "street": "Bukit Panjang Ring Road",
    "status": "Existing (new)",
    "slug": "bukit-panjang-hawker-centre"
  },
  {
    "id": 119112,
    "name": "Cambridge Road Blk 41A (Pek Kio Market and Food Centre)",
    "lat": 1.3161312806032646,
    "lon": 103.85023293507001,
    "postal_code": "211041",
    "street": "Cambridge Road",
    "status": "Existing",
    "slug": "cambridge-road-blk-41a-pek-kio-market-and-food-centre"
  },
  {
    "id": 119080,
    "name": "Changi Village Blk 2 and 3",
    "lat": 1.3891516483342807,
    "lon": 103.98824524769368,
    "postal_code": "500002",
    "street": "Changi Village Road",
    "status": "Existing",
    "slug": "changi-village-blk-2-and-3"
  },
  {
    "id": 119085,
    "name": "Chomp Chomp Food Centre",
    "lat": 1.3642325250966993,
    "lon": 103.86652701707575,
    "postal_code": "557269",
    "street": "Kensington Park Road",
    "status": "Existing",
    "slug": "chomp-chomp-food-centre"
  },
  {
    "id": 119166,
    "name": "Ci Yuan Hawker Centre",
    "lat": 1.3753225375634037,
    "lon": 103.88293193010286,
    "postal_code": "538776",
    "street": "Hougang Avenue 9",
    "status": "Existing (new)",
    "slug": "ci-yuan-hawker-centre"
  },
  {
    "id": 119089,
    "name": "Circuit Road Blk 79/79A",
    "lat": 1.3265970669755378,
    "lon": 103.88505228554148,
    "postal_code": "370079",
    "street": "Circuit Road",
    "status": "Existing",
    "slug": "circuit-road-blk-7979a"
  },
  {
    "id": 119131,
    "name": "Circuit Road Blk 80 (80 Circuit Road Market and Food Centre)",
    "lat": 1.3278341461996204,
    "lon": 103.88710266901265,
    "postal_code": "370080",
    "street": "Circuit Road",
    "status": "Existing",
    "slug": "circuit-road-blk-80-80-circuit-road-market-and-food-centre"
  },
  {
    "id": 119132,
    "name": "Circuit Road Blk 89",
    "lat": 1.3235797144355712,
    "lon": 103.8854388424852,
    "postal_code": "370089",
    "street": "Circuit Road",
    "status": "Existing",
    "slug": "circuit-road-blk-89"
  },
  {
    "id": 119158,
    "name": "Clementi Ave 2 Blk 353 (Clementi Ave 2 Market/Cooked Food Centre)",
    "lat": 1.3143732849239704,
    "lon": 103.77080549454163,
    "postal_code": "120353",
    "street": "Clementi Ave 2",
    "status": "Existing",
    "slug": "clementi-ave-2-blk-353-clementi-ave-2-marketcooked-food-centre"
  },
  {
    "id": 119108,
    "name": "Clementi Ave 3 Blk 448",
    "lat": 1.3133196935787612,
    "lon": 103.76451719252249,
    "postal_code": "120448",
    "street": "Clementi Ave 3",
    "status": "Existing",
    "slug": "clementi-ave-3-blk-448"
  },
  {
    "id": 119155,
    "name": "Clementi West Street 2 Blk 726",
    "lat": 1.303810731977092,
    "lon": 103.76425074802,
    "postal_code": "120726",
    "street": "Clementi West Street 2",
    "status": "Existing",
    "slug": "clementi-west-street-2-blk-726"
  },
  {
    "id": 119123,
    "name": "Commonwealth Crescent Market",
    "lat": 1.3069001323584224,
    "lon": 103.80036727142618,
    "postal_code": "149644",
    "street": "Commonwealth Crescent",
    "status": "Existing",
    "slug": "commonwealth-crescent-market"
  },
  {
    "id": 119050,
    "name": "Dunman Food Centre",
    "lat": 1.3094178879625105,
    "lon": 103.9018254078894,
    "postal_code": "424768",
    "street": "Onan Road",
    "status": "Existing",
    "slug": "dunman-food-centre"
  },
  {
    "id": 119146,
    "name": "East Coast Lagoon Food Village",
    "lat": 1.3072610657579828,
    "lon": 103.93479973740149,
    "postal_code": "468960",
    "street": "East Coast Parkway",
    "status": "Existing",
    "slug": "east-coast-lagoon-food-village"
  },
  {
    "id": 119043,
    "name": "Empress Road Blk 7 (Empress Road Market and Food Centre)",
    "lat": 1.3162405292821697,
    "lon": 103.80563670047233,
    "postal_code": "260007",
    "street": "Empress Road",
    "status": "Existing",
    "slug": "empress-road-blk-7-empress-road-market-and-food-centre"
  },
  {
    "id": 119143,
    "name": "Eunos Crescent Blk 4A",
    "lat": 1.3203312605225548,
    "lon": 103.90425647876752,
    "postal_code": "402004",
    "street": "Eunos Crescent",
    "status": "Existing",
    "slug": "eunos-crescent-blk-4a"
  },
  {
    "id": 119139,
    "name": "Fernvale Hawker Centre & Market",
    "lat": 1.3917019249885314,
    "lon": 103.87698146168532,
    "postal_code": "797650",
    "street": "Sengkang West Avenue",
    "status": "Existing (new)",
    "slug": "fernvale-hawker-centre-market"
  },
  {
    "id": 119046,
    "name": "Geylang Bahru Blk 69 (Blk 69 Geylang Bahru Market and Food Centre)",
    "lat": 1.321463110363858,
    "lon": 103.87000501449864,
    "postal_code": "330069",
    "street": "Geylang Bahru",
    "status": "Existing",
    "slug": "geylang-bahru-blk-69-blk-69-geylang-bahru-market-and-food-centre"
  },
  {
    "id": 119109,
    "name": "Geylang Serai Market",
    "lat": 1.316736349282815,
    "lon": 103.89822788513564,
    "postal_code": "402001",
    "street": "Geylang Serai",
    "status": "Existing",
    "slug": "geylang-serai-market"
  },
  {
    "id": 119051,
    "name": "Ghim Moh Road Blk 20",
    "lat": 1.3109966321422568,
    "lon": 103.78823030670418,
    "postal_code": "270020",
    "street": "Ghim Moh Road",
    "status": "Existing",
    "slug": "ghim-moh-road-blk-20"
  },
  {
    "id": 119044,
    "name": "Golden Mile Food Centre",
    "lat": 1.303141753061011,
    "lon": 103.863877615715,
    "postal_code": "199583",
    "street": "Beach Road",
    "status": "Existing",
    "slug": "golden-mile-food-centre"
  },
  {
    "id": 119156,
    "name": "Haig Road Blk 13/14 (Haig Road Market and Cooked Food Centre)",
    "lat": 1.3151075206359577,
    "lon": 103.89558794497685,
    "postal_code": "430013",
    "street": "Haig Road",
    "status": "Existing",
    "slug": "haig-road-blk-1314-haig-road-market-and-cooked-food-centre"
  },
  {
    "id": 119056,
    "name": "Havelock Road Blk 22A/B (Havelock Road Cooked Food Centre)",
    "lat": 1.2879705166198658,
    "lon": 103.8296234138997,
    "postal_code": "161022",
    "street": "Havelock Road",
    "status": "Existing",
    "slug": "havelock-road-blk-22ab-havelock-road-cooked-food-centre"
  },
  {
    "id": 119168,
    "name": "Hawker Centre @ Our Tampines Hub",
    "lat": 1.3531335979472119,
    "lon": 103.94040813551574,
    "postal_code": "528523",
    "street": "Tampines Walk",
    "status": "Existing (new)",
    "slug": "hawker-centre-our-tampines-hub"
  },
  {
    "id": 119076,
    "name": "Holland Drive Blk 44 (Holland Drive Market and Food Centre)",
    "lat": 1.3081177997946856,
    "lon": 103.7927737690562,
    "postal_code": "270044",
    "street": "Holland Drive",
    "status": "Existing",
    "slug": "holland-drive-blk-44-holland-drive-market-and-food-centre"
  },
  {
    "id": 119079,
    "name": "Holland Village Market and Food Centre",
    "lat": 1.3110729744341822,
    "lon": 103.79487641992755,
    "postal_code": "277700",
    "street": "Lorong Mambong",
    "status": "Existing",
    "slug": "holland-village-market-and-food-centre"
  },
  {
    "id": 119154,
    "name": "Hougang Ave 1 Blk 105 (Hougang 105 Hainanese Village Centre)",
    "lat": 1.3540827392695727,
    "lon": 103.89013040811673,
    "postal_code": "530105",
    "street": "Hougang Ave 1",
    "status": "Existing",
    "slug": "hougang-ave-1-blk-105-hougang-105-hainanese-village-centre"
  },
  {
    "id": 119152,
    "name": "Hougang Street 21 Blk 209 (Kovan Hougang Market and Food Centre)",
    "lat": 1.3590838409319475,
    "lon": 103.88605536814947,
    "postal_code": "530209",
    "street": "Hougang Street 21",
    "status": "Existing",
    "slug": "hougang-street-21-blk-209-kovan-hougang-market-and-food-centre"
  },
  {
    "id": 119136,
    "name": "Jalan Batu Blk 4A (Blk 4A Jalan Batu Hawker Centre/Market)",
    "lat": 1.3023603479067136,
    "lon": 103.88390947410478,
    "postal_code": "432004",
    "street": "Jalan Batu",
    "status": "Existing",
    "slug": "jalan-batu-blk-4a-blk-4a-jalan-batu-hawker-centremarket"
  },
  {
    "id": 119122,
    "name": "Jalan Bukit Merah Blk 112 (Blk 112 Jalan Bukit Merah Market and Food Centre)",
    "lat": 1.2800048011364626,
    "lon": 103.82601329649792,
    "postal_code": "160112",
    "street": "Jalan Bukit Merah",
    "status": "Existing",
    "slug": "jalan-bukit-merah-blk-112-blk-112-jalan-bukit-merah-market-and-food-centre"
  },
  {
    "id": 119110,
    "name": "Jalan Bukit Merah Blk 6 (ABC Brickworks Market/Food Centre)",
    "lat": 1.2868829730421196,
    "lon": 103.8081312742836,
    "postal_code": "150006",
    "street": "Jalan Bukit Merah",
    "status": "Existing",
    "slug": "jalan-bukit-merah-blk-6-abc-brickworks-marketfood-centre"
  },
  {
    "id": 119135,
    "name": "Jalan Kukoh Blk 1 (Kukoh 21 Food Centre)",
    "lat": 1.2882310148481062,
    "lon": 103.83993416821488,
    "postal_code": "161001",
    "street": "Jalan Kukoh",
    "status": "Existing",
    "slug": "jalan-kukoh-blk-1-kukoh-21-food-centre"
  },
  {
    "id": 119164,
    "name": "Jurong East Ave 1 Blk 347 (Yuhua Market and Hawker Centre)",
    "lat": 1.3454169827607771,
    "lon": 103.73170383842115,
    "postal_code": "600347",
    "street": "Jurong East Ave 1",
    "status": "Existing",
    "slug": "jurong-east-ave-1-blk-347-yuhua-market-and-hawker-centre"
  },
  {
    "id": 119072,
    "name": "Jurong East Street 24 Blk 254 (Yuhua Village Market and Food Centre)",
    "lat": 1.3434881852952274,
    "lon": 103.73773841154456,
    "postal_code": "600254",
    "street": "Jurong East Street 24",
    "status": "Existing",
    "slug": "jurong-east-street-24-blk-254-yuhua-village-market-and-food-centre"
  },
  {
    "id": 119102,
    "name": "Jurong West Hawker Centre",
    "lat": 1.3412641038830853,
    "lon": 103.69724185257508,
    "postal_code": "648202",
    "street": "Jurong West Street 61",
    "status": "Existing (new)",
    "slug": "jurong-west-hawker-centre"
  },
  {
    "id": 119047,
    "name": "Jurong West Street 52 Blk 505",
    "lat": 1.3496572915944292,
    "lon": 103.7184436782123,
    "postal_code": "640505",
    "street": "Jurong West Street 52",
    "status": "Existing",
    "slug": "jurong-west-street-52-blk-505"
  },
  {
    "id": 119070,
    "name": "Kallang Estate Fresh Market and Food Centre",
    "lat": 1.307343983274556,
    "lon": 103.88401769942449,
    "postal_code": "397972",
    "street": "Old Airport Road",
    "status": "Existing",
    "slug": "kallang-estate-fresh-market-and-food-centre"
  },
  {
    "id": 119120,
    "name": "Kampung Admiralty Hawker Centre",
    "lat": 1.4397495181298368,
    "lon": 103.80072071145584,
    "postal_code": "730676",
    "street": "Woodlands Drive 71",
    "status": "Existing (new)",
    "slug": "kampung-admiralty-hawker-centre"
  },
  {
    "id": 119092,
    "name": "Margaret Drive Hawker Centre",
    "lat": 1.2974865589089906,
    "lon": 103.80469379769634,
    "postal_code": "142038",
    "street": "Margaret Drive",
    "status": "Existing (replacement)",
    "slug": "margaret-drive-hawker-centre"
  },
  {
    "id": 119125,
    "name": "Marine Parade Central Blk 84 (84 Marine Parade Central Market and Food Centre)",
    "lat": 1.3022965558595991,
    "lon": 103.90634383419179,
    "postal_code": "440084",
    "street": "Marine Parade Central",
    "status": "Existing",
    "slug": "marine-parade-central-blk-84-84-marine-parade-central-market-and-food-centre"
  },
  {
    "id": 119111,
    "name": "Marine Terrace Blk 50A (50A Marine Terrace)",
    "lat": 1.3057297360038187,
    "lon": 103.91573703509026,
    "postal_code": "441050",
    "street": "Marine Terrace",
    "status": "Existing",
    "slug": "marine-terrace-blk-50a-50a-marine-terrace"
  },
  {
    "id": 119150,
    "name": "Market Street Hawker Centre",
    "lat": 1.2839000647082708,
    "lon": 103.85000596089957,
    "postal_code": "048947",
    "street": "Market Street",
    "status": "Existing (replacement)",
    "slug": "market-street-hawker-centre"
  },
  {
    "id": 119126,
    "name": "Marsiling Lane Blk 20/21",
    "lat": 1.4434162431254685,
    "lon": 103.7770061037781,
    "postal_code": "730020",
    "street": "Marsiling Lane",
    "status": "Existing",
    "slug": "marsiling-lane-blk-2021"
  },
  {
    "id": 119075,
    "name": "Marsiling Mall Hawker Centre",
    "lat": 1.4335431810333386,
    "lon": 103.7798818923625,
    "postal_code": "738623",
    "street": "Woodlands Street 12",
    "status": "Existing (replacement)",
    "slug": "marsiling-mall-hawker-centre"
  },
  {
    "id": 119134,
    "name": "Maxwell Food Centre (Kim Hua Market)",
    "lat": 1.2803314273259558,
    "lon": 103.844747227493,
    "postal_code": "069184",
    "street": "Kadayanallur Street",
    "status": "Existing",
    "slug": "maxwell-food-centre-kim-hua-market"
  },
  {
    "id": 119048,
    "name": "Mei Chin Road Blk 159 (Mei Chin Road Market)",
    "lat": 1.2932362444197107,
    "lon": 103.80290387146337,
    "postal_code": "140159",
    "street": "Mei Chin Road",
    "status": "Existing",
    "slug": "mei-chin-road-blk-159-mei-chin-road-market"
  },
  {
    "id": 119073,
    "name": "New Market Road Blk 32 (People's Park Food Centre)",
    "lat": 1.284858608203884,
    "lon": 103.84257877119593,
    "postal_code": "050032",
    "street": "New Market Road",
    "status": "Existing",
    "slug": "new-market-road-blk-32-peoples-park-food-centre"
  },
  {
    "id": 119163,
    "name": "New Upper Changi Road Blk 208B",
    "lat": 1.324782370224249,
    "lon": 103.93057030470072,
    "postal_code": "462208",
    "street": "New Upper Changi Road",
    "status": "Existing",
    "slug": "new-upper-changi-road-blk-208b"
  },
  {
    "id": 119128,
    "name": "New Upper Changi Road Blk 58",
    "lat": 1.3242008730218346,
    "lon": 103.94112527731751,
    "postal_code": "461058",
    "street": "New Upper Changi Road",
    "status": "Existing",
    "slug": "new-upper-changi-road-blk-58"
  },
  {
    "id": 119064,
    "name": "Newton Food Centre",
    "lat": 1.3119155203922301,
    "lon": 103.83956972873328,
    "postal_code": "229495",
    "street": "Clemenceau Ave North",
    "status": "Existing",
    "slug": "newton-food-centre"
  },
  {
    "id": 119077,
    "name": "North Bridge Road Market",
    "lat": 1.305634336272546,
    "lon": 103.86390933661885,
    "postal_code": "198783",
    "street": "North Bridge Road",
    "status": "Existing",
    "slug": "north-bridge-road-market"
  },
  {
    "id": 119103,
    "name": "Old Airport Road Blk 51 (51 Old Airport Road Food Centre and Shopping Mall)",
    "lat": 1.3082518466799975,
    "lon": 103.88580870625425,
    "postal_code": "390051",
    "street": "Old Airport Road",
    "status": "Existing",
    "slug": "old-airport-road-blk-51-51-old-airport-road-food-centre-and-shopping-mall"
  },
  {
    "id": 119106,
    "name": "One Punggol Hawker Centre",
    "lat": 1.4087476457286714,
    "lon": 103.90516945745766,
    "postal_code": "828629",
    "street": "Punggol Drive",
    "status": "Existing (new)",
    "slug": "one-punggol-hawker-centre"
  },
  {
    "id": 119100,
    "name": "Pasir Panjang Food Centre",
    "lat": 1.2759179745717486,
    "lon": 103.79141090894716,
    "postal_code": "118543",
    "street": "Pasir Panjang Road",
    "status": "Existing",
    "slug": "pasir-panjang-food-centre"
  },
  {
    "id": 119067,
    "name": "Pasir Ris Central Hawker Centre",
    "lat": 1.373472520364779,
    "lon": 103.95157134251521,
    "postal_code": "519641",
    "street": "Pasir Ris Central",
    "status": "Existing (new)",
    "slug": "pasir-ris-central-hawker-centre"
  },
  {
    "id": 119093,
    "name": "Punggol Coast Hawker Centre",
    "lat": 1.4145180096913892,
    "lon": 103.90854260132319,
    "postal_code": "829911",
    "street": "Punggol Way",
    "status": "Existing (new)",
    "slug": "punggol-coast-hawker-centre"
  },
  {
    "id": 119149,
    "name": "Queen Street Blk 270 (Albert Centre)",
    "lat": 1.3011020159948925,
    "lon": 103.85411577872539,
    "postal_code": "180270",
    "street": "Queen Street",
    "status": "Existing",
    "slug": "queen-street-blk-270-albert-centre"
  },
  {
    "id": 119105,
    "name": "Redhill Lane Blk 79 (Redhill Market)",
    "lat": 1.2878431730128634,
    "lon": 103.81835209769348,
    "postal_code": "150079",
    "street": "Redhill Lane",
    "status": "Existing",
    "slug": "redhill-lane-blk-79-redhill-market"
  },
  {
    "id": 119104,
    "name": "Redhill Lane Blk 85 (Redhill Food Centre)",
    "lat": 1.2873075147506794,
    "lon": 103.81831119566189,
    "postal_code": "150085",
    "street": "Redhill Lane",
    "status": "Existing",
    "slug": "redhill-lane-blk-85-redhill-food-centre"
  },
  {
    "id": 119159,
    "name": "Sembawang Hills Food Centre (Jalan Leban Food Centre)",
    "lat": 1.3723194930318616,
    "lon": 103.82901814509523,
    "postal_code": "574419",
    "street": "Upper Thomson Road",
    "status": "Existing",
    "slug": "sembawang-hills-food-centre-jalan-leban-food-centre"
  },
  {
    "id": 119145,
    "name": "Senja Hawker Centre",
    "lat": 1.387194004486905,
    "lon": 103.76108397650307,
    "postal_code": "677632",
    "street": "Senja Close",
    "status": "Existing (new)",
    "slug": "senja-hawker-centre"
  },
  {
    "id": 119153,
    "name": "Serangoon Garden Market",
    "lat": 1.3630850108080914,
    "lon": 103.86672494953132,
    "postal_code": "555945",
    "street": "Serangoon Garden Way",
    "status": "Existing",
    "slug": "serangoon-garden-market"
  },
  {
    "id": 119161,
    "name": "Shunfu Road Blk 320 (Shunfu Mart)",
    "lat": 1.3520255700711772,
    "lon": 103.8369645086122,
    "postal_code": "570320",
    "street": "Shunfu Road",
    "status": "Existing",
    "slug": "shunfu-road-blk-320-shunfu-mart"
  },
  {
    "id": 119062,
    "name": "Sims Place Blk 49 (Sims Vista Market and Food Centre)",
    "lat": 1.3170350238501258,
    "lon": 103.87930985514092,
    "postal_code": "380049",
    "street": "Sims Place",
    "status": "Existing",
    "slug": "sims-place-blk-49-sims-vista-market-and-food-centre"
  },
  {
    "id": 119060,
    "name": "Smith Street Blk 335 (Chinatown Complex Market)",
    "lat": 1.2822749608841026,
    "lon": 103.84323851850745,
    "postal_code": "050335",
    "street": "Smith Street",
    "status": "Existing",
    "slug": "smith-street-blk-335-chinatown-complex-market"
  },
  {
    "id": 119169,
    "name": "Taman Jurong Market and Food Centre",
    "lat": 1.3347210666007077,
    "lon": 103.72158379761716,
    "postal_code": "618499",
    "street": "Yung Sheng Road",
    "status": "Existing",
    "slug": "taman-jurong-market-and-food-centre"
  },
  {
    "id": 119058,
    "name": "Tampines Street 11 Blk 137 (Tampines Round Market and Food Centre)",
    "lat": 1.3453734735523084,
    "lon": 103.94462942285355,
    "postal_code": "521137",
    "street": "Tampines Street 11",
    "status": "Existing",
    "slug": "tampines-street-11-blk-137-tampines-round-market-and-food-centre"
  },
  {
    "id": 119117,
    "name": "Tanglin Halt Market",
    "lat": 1.3005440753273743,
    "lon": 103.79773798037208,
    "postal_code": "148813",
    "street": "Tanglin Halt Road",
    "status": "Existing",
    "slug": "tanglin-halt-market"
  },
  {
    "id": 119101,
    "name": "Tanjong Pagar Plaza Blk 6 (Blk 6 Tanjong Pagar Plaza Market and Food Centre)",
    "lat": 1.276613670144106,
    "lon": 103.8431616772891,
    "postal_code": "081006",
    "street": "Tanjong Pagar Plaza",
    "status": "Existing",
    "slug": "tanjong-pagar-plaza-blk-6-blk-6-tanjong-pagar-plaza-market-and-food-centre"
  },
  {
    "id": 119162,
    "name": "Teban Gardens Road Blk 37A (Teban Gardens Market and Food Centre)",
    "lat": 1.3208310935185843,
    "lon": 103.74274811937117,
    "postal_code": "601037",
    "street": "Teban Gardens Road",
    "status": "Existing",
    "slug": "teban-gardens-road-blk-37a-teban-gardens-market-and-food-centre"
  },
  {
    "id": 119133,
    "name": "Telok Blangah Crescent Blk 11 (11 Telok Blangah Crescent Market and Food Centre)",
    "lat": 1.2773681323059345,
    "lon": 103.81865152419587,
    "postal_code": "090011",
    "street": "Telok Blangah Crescent",
    "status": "Existing",
    "slug": "telok-blangah-crescent-blk-11-11-telok-blangah-crescent-market-and-food-centre"
  },
  {
    "id": 119074,
    "name": "Telok Blangah Drive Blk 79 (Telok Blangah Food Centre)",
    "lat": 1.2733559939051546,
    "lon": 103.80761812956985,
    "postal_code": "100079",
    "street": "Telok Blangah Drive",
    "status": "Existing",
    "slug": "telok-blangah-drive-blk-79-telok-blangah-food-centre"
  },
  {
    "id": 119083,
    "name": "Telok Blangah Drive Blk 82 (Telok Blangah Market)",
    "lat": 1.2738907675844822,
    "lon": 103.80790033728778,
    "postal_code": "100082",
    "street": "Telok Blangah Drive",
    "status": "Existing",
    "slug": "telok-blangah-drive-blk-82-telok-blangah-market"
  },
  {
    "id": 119167,
    "name": "Telok Blangah Rise Blk 36 (Telok Blangah Rise Market)",
    "lat": 1.2727612859808173,
    "lon": 103.82236354225992,
    "postal_code": "090036",
    "street": "Telok Blangah Rise",
    "status": "Existing",
    "slug": "telok-blangah-rise-blk-36-telok-blangah-rise-market"
  },
  {
    "id": 119041,
    "name": "Tiong Bahru Market",
    "lat": 1.2847855982150984,
    "lon": 103.83218154655142,
    "postal_code": "168898",
    "street": "Seng Poh Road",
    "status": "Existing",
    "slug": "tiong-bahru-market"
  },
  {
    "id": 119088,
    "name": "Toa Payoh Lorong 1 Blk 127 (Toa Payoh West Market and Food Court)",
    "lat": 1.3381035143692974,
    "lon": 103.84473272633905,
    "postal_code": "310127",
    "street": "Lorong 1 Toa Payoh",
    "status": "Existing",
    "slug": "toa-payoh-lorong-1-blk-127-toa-payoh-west-market-and-food-court"
  },
  {
    "id": 119142,
    "name": "Toa Payoh Lorong 4 Blk 74 (Toa Payoh Vista Market)",
    "lat": 1.3345507486923793,
    "lon": 103.85200350902804,
    "postal_code": "310074",
    "street": "Lorong 4 Toa Payoh",
    "status": "Existing",
    "slug": "toa-payoh-lorong-4-blk-74-toa-payoh-vista-market"
  },
  {
    "id": 119078,
    "name": "Toa Payoh Lorong 4 Blk 93",
    "lat": 1.3384746963913283,
    "lon": 103.84951344899093,
    "postal_code": "310093",
    "street": "Lorong 4 Toa Payoh",
    "status": "Existing",
    "slug": "toa-payoh-lorong-4-blk-93"
  },
  {
    "id": 119137,
    "name": "Toa Payoh Lorong 5 Blk 75",
    "lat": 1.3360207676183897,
    "lon": 103.85295698796516,
    "postal_code": "310075",
    "street": "Lorong 5 Toa Payoh",
    "status": "Existing",
    "slug": "toa-payoh-lorong-5-blk-75"
  },
  {
    "id": 119057,
    "name": "Toa Payoh Lorong 7 Blk 22 (Kim Keat Palm Market and Food Centre)",
    "lat": 1.335382613078359,
    "lon": 103.85700370906183,
    "postal_code": "310022",
    "street": "Lorong 7 Toa Payoh",
    "status": "Existing",
    "slug": "toa-payoh-lorong-7-blk-22-kim-keat-palm-market-and-food-centre"
  },
  {
    "id": 119121,
    "name": "Toa Payoh Lorong 8 Blk 210",
    "lat": 1.3402610465757185,
    "lon": 103.85439575904685,
    "postal_code": "310210",
    "street": "Lorong 8 Toa Payoh",
    "status": "Existing",
    "slug": "toa-payoh-lorong-8-blk-210"
  },
  {
    "id": 119081,
    "name": "Upper Boon Keng Road Blk 17 (Blk 17 Upper Boon Keng Market and Food Centre)",
    "lat": 1.3150284150824152,
    "lon": 103.87162041651013,
    "postal_code": "380017",
    "street": "Upper Boon Keng Road",
    "status": "Existing",
    "slug": "upper-boon-keng-road-blk-17-blk-17-upper-boon-keng-market-and-food-centre"
  },
  {
    "id": 119124,
    "name": "Upper Cross Street Blk 531A (Hong Lim Food Centre and Market)",
    "lat": 1.2852950787883,
    "lon": 103.84582428335005,
    "postal_code": "051531",
    "street": "Upper Cross Street",
    "status": "Existing",
    "slug": "upper-cross-street-blk-531a-hong-lim-food-centre-and-market"
  },
  {
    "id": 119053,
    "name": "West Coast Drive Blk 502 (Ayer Rajah Market)",
    "lat": 1.3119069571999333,
    "lon": 103.7591280191558,
    "postal_code": "120502",
    "street": "West Coast Drive",
    "status": "Existing",
    "slug": "west-coast-drive-blk-502-ayer-rajah-market"
  },
  {
    "id": 119065,
    "name": "West Coast Drive Blk 503 (Ayer Rajah Food Centre)",
    "lat": 1.3118030896284905,
    "lon": 103.75975140548066,
    "postal_code": "120503",
    "street": "West Coast Drive",
    "status": "Existing",
    "slug": "west-coast-drive-blk-503-ayer-rajah-food-centre"
  },
  {
    "id": 119099,
    "name": "Whampoa Drive Blk 90 (Whampoa Drive Makan Place/Whampoa Food Centre)",
    "lat": 1.323064938171913,
    "lon": 103.85499618356134,
    "postal_code": "320090",
    "street": "Whampoa Drive",
    "status": "Existing",
    "slug": "whampoa-drive-blk-90-whampoa-drive-makan-placewhampoa-food-centre"
  },
  {
    "id": 119127,
    "name": "Whampoa Drive Blk 91/92 (Whampoa Drive Makan Place/Whampoa Market)",
    "lat": 1.323428186962711,
    "lon": 103.85406019787618,
    "postal_code": "320091",
    "street": "Whampoa Drive",
    "status": "Existing",
    "slug": "whampoa-drive-blk-9192-whampoa-drive-makan-placewhampoa-market"
  },
  {
    "id": 119144,
    "name": "Woodleigh Village Hawker Centre",
    "lat": 1.3397910139953648,
    "lon": 103.8720137732096,
    "postal_code": "363202",
    "street": "Woodleigh Link",
    "status": "Existing (new)",
    "slug": "woodleigh-village-hawker-centre"
  },
  {
    "id": 119129,
    "name": "Yishun Park Hawker Centre",
    "lat": 1.4249878627577708,
    "lon": 103.84474752510276,
    "postal_code": "768867",
    "street": "Yishun Avenue 11",
    "status": "Existing (new)",
    "slug": "yishun-park-hawker-centre"
  },
  {
    "id": 119071,
    "name": "Yishun Ring Road Blk 104/105 (Chong Pang Market and Food Centre)",
    "lat": 1.4314477516178066,
    "lon": 103.82853767194467,
    "postal_code": "760104",
    "street": "Yishun Ring Road",
    "status": "Existing",
    "slug": "yishun-ring-road-blk-104105-chong-pang-market-and-food-centre"
  },
  {
    "id": 119130,
    "name": "Zion Riverside Food Centre",
    "lat": 1.2923422109888436,
    "lon": 103.8311890232012,
    "postal_code": "247792",
    "street": "Zion Road",
    "status": "Existing",
    "slug": "zion-riverside-food-centre"
  }
]